{  
   "House Owner":"Ali",
   "rpi_guid":"1234",
   "Local IP":"192.168.10.8",
   "Port No.":7809,
   "Keystore Password":"ef388036",
   "AWS Endpoint":"a2byvpqwxqghn3-ats.iot.eu-west-2.amazonaws.com",
   "Send API":"https://9hnhrjndh4.execute-api.eu-west-2.amazonaws.com/prod/messages",
   "Topic":"aws-iot/raspberry",
   "Floors":[  
      {  
         "Floor No.":1,
         "Rooms":[  
            {  
               "Room No.":1,
	       "Room Type":"Bedroom",
               "Room Name":"Ali's Room",
               "Static Lights":2,
               "Dimmable Lights":3,
               "Fans":1,
               "Sockets":1,
               "Air Conditioner":1,
               "Max Range":30,
               "Min Range":18,
               "Television":1
            }
         ]
      }
   ]
}

